{"Train/Acc": 0.32480864037363777, "round": 2, "_runtime": 49, "_timestamp": 1631239223, "_step": 11, "Train/Loss": 2.1775442705691233, "Test/Acc": 0.33021299687966355, "Test/Loss": 2.1752575171267123}