{"Train/Acc": 0.09929618578100674, "round": 0, "_runtime": 93, "_timestamp": 1631239732, "_step": 1, "Train/Loss": 2.3507140543298304}