{"Test/Acc": 0.13105413105413105, "round": 5, "_runtime": 60, "_timestamp": 1632236207, "_step": 11, "Test/Loss": 2.2826882046706123}