{"Test/Acc": 0.9304029304029304, "round": 287, "_runtime": 1278, "_timestamp": 1632237497, "_step": 575, "Test/Loss": 0.2182695905862899}