{"Train/Acc": 0.09992864556305138, "round": 1, "_runtime": 106, "_timestamp": 1632236041, "_step": 5, "Train/Loss": 2.357629398522936, "Test/Acc": 0.0993080993080993, "Test/Loss": 2.339831630938769}